id,name,price,rating,feedbacks,brand
397455530,Массажер миостимулятор для тела пресса спины шеи микротоки,1278.0,4.7,71,eFlow
334678554,Миостимулятор 48 программ массажер для похудения,4345.0,4.9,1016,
221352035,Миостимулятор 36 программ массажер для похудения,1915.0,4.9,1016,
221329577,Миостимулятор 36 программ антицеллюлитный для похудения,2052.0,4.9,1016,
282070221,Миостимулятор медицинский для тела Impulse Neuro,19219.0,4.9,7,IMPULSE DEVICE
91028354,Миостимулятор массажер импульсный электрический для тела,2543.0,4.6,558,AShop
169351017,"Миостимулятор FZ-1 ""ШУБОШИ"" для мышц",3986.0,4.9,364,SHUBOSHI
251013688,"Миостимулятор FZ-2 ""ШУБОШИ"" для мышц",4084.0,4.9,364,SHUBOSHI
359420749,Миостимулятор для тела антицеллюлитный для похудения,2111.0,4.9,13,
35995950,"Миостимулятор FZ-1 ""ШУБОШИ"" для мышц",3926.0,4.9,544,SHUBOSHI
418588315,Миостимулятор бабочка массажер,452.0,4.6,33,
143533250,"Массажер миостимулятор для тела, спины, шеи и поясницы",2772.0,4.7,2165,TARGO
381945504,миостимулятор массажер для тела электрический,4629.0,5.0,5,
313886483,Миостимулятор массажер электрический для всего тела,1118.0,4.2,16,
198641294,Миостимулятор Массажер электрический Тренажер для пресса,509.0,4.3,1180,Missis A
43996867,Массажер миостимулятор для тела электрический,634.0,4.6,2742,"Ура, приехало!"
178910159,Импульсный миостимулятор для лечения всего тела JR-309A,1193.0,4.6,1270,AllerShop
322913969,Миостимулятор массажер для тела,1092.0,3.8,85,
389208236,Миостимулятор массажер электрический для всего тела,2211.0,4.2,16,
414478019,миостимулятор массажер для тела электрический,4925.0,5.0,5,
209567982,Миостимулятор массажер тренажер для тела пресса и рук,589.0,4.0,16,Missis A
148830492,Массажер для тела Миостимулятор электрический импульсный,2115.0,4.6,439,Dizezo
268558045,Миостимулятор для тела электрический массажер,535.0,4.2,30,AlMaxBar
250133162,"Миостимулятор 36 программ, антицеллюлитный для похудения",1896.0,4.6,694,ROASTERS
250135346,Мышечный миостимулятор электрический массажер для тела,1199.0,4.6,694,ROASTERS
212081515,массажер электрический миостимулятор,2232.0,4.7,187,Dimarket
44081627,Миостимулятор для пресса тренажер ABS Trainer MIO,5012.0,4.7,1500,Yamaguchi
236596238,"Электростимулятор для мышц, массажер миостимулятор",818.0,4.6,1752,FURVIREA
187998611,"Массажер миостимулятор для шеи, ног и спины электрический",7577.0,4.9,165,Dykemann
141936084,Миостимулятор для тела и и пресса,352.0,4.3,8848,nazare
366555972,Портативный массажер-миостимулятор для тела Орион,15340.0,4.9,7,IMPULSE DEVICE
365851028,Миостимулятор массажер импульсный электрический для тела,1112.0,4.8,50,
312901930,"Миостимулятор для пресса и рук, массажер для тела",638.0,4.6,1752,Furellia
415171239,Массажер миостимулятор для тела и спины,1863.0,0.0,0,
389224197,Электроды для миостимулятора набор 10 штук,580.0,4.2,16,
405488947,Тренажер-миостимулятор для тазового дна и пресса для женщин,3555.0,0.0,0,JAMECO
346462615,"Массажер миостимулятор Incentivo, 36 режимов",2450.0,4.6,694,ROASTERS
328814914,Тренажер-миостимулятор для тазового дна и пресса для женщин,3693.0,4.9,242,Excellent Style
114150729,Аппарат миостимуляции B-333,11108.0,4.8,300,Estetik Beauty Body
391596895,Импульсный миостимулятор для лечения всего тела,1105.0,0.0,0,
306073689,Массажер миостимулятор с тапками и поясом,12410.0,4.9,165,Dykemann
199860699,Складной EMS массажер ног. Миостимулятор нейромышечный,748.0,4.3,36,P2P Online
395814854,Массажер миостимулятор микротоки для мышц импульсный,1270.0,5.0,1,
159323506,Массажер для лица микротоковый бандаж электрический,1990.0,4.6,994,Vilab
192370914,Массажер для шеи и плеч электрический миостимулятор,2235.0,4.7,285,
325679235,Массажер для ягодиц EMS,2342.0,3.9,15,MVcarrot
418581928,Миостимулятор массажер бабочка,491.0,4.6,33,
259982501,Миостимулятор для мышц пресса и тазового дна с насадками,3918.0,4.5,208,R&A baby
388679924,Сменные пластины на массажер бабочка,292.0,4.6,33,
314738795,миостимулятор массажер электрический,494.0,4.6,40,
418584790,Массажер миостимулятор бабочка с пультом,450.0,4.6,33,
343099404,Физиотерапевтический аппарат миостимулятор электрический,4453.0,4.6,694,ROASTERS
61124788,Миостимулятор EMS-750 тренажер массажер,5709.0,4.8,3273,Planta
259982281,Электрический миостимулятор для интимных мышц тазового дна,5056.0,4.5,208,R&A baby
388673133,Сменные насадки на массажер бабочка,201.0,4.6,33,
248288568,миостимулятор массажер электрический,501.0,4.4,190,м пять звезд
206250025,Пояс электрический жиросжигающий массажер для похудения EMS,3590.0,4.7,531,EMS & Heating
400432951,Мышечный миостимулятор электрический массажер для тела,1138.0,0.0,0,ROASTERS
281044797,Миостимулятор для тела массажер для спины,833.0,4.8,27,
147669017,Массажер миостимулятор,9413.0,4.7,64,Миоток
160527057,Электрический миостимулятор для тела и мышц,965.0,4.6,568,KEP Ko
85701168,Миостимулятор для женского здоровья EMBAGYN Pelvic Exerciser,10845.0,4.4,209,
104503339,Массажер миостимулятор для тела EMS-300,3032.0,4.8,3273,Planta
304946773,"Миостимулятор для тела, массажер для спины",1392.0,5.0,9,Furellia
63558655,"Миостимулятор Theragun 2.0 UNO, красный",13409.0,4.2,10,PowerDot
141376926,Миостимулятор электрический для тела и для похудения,3565.0,4.9,343,REMASO
178777119,Массажер миостимулятор тренажер,472.0,4.5,924,YOUR&STORE
321178342,Массажер миостимулятор тренажер,431.0,4.3,44,
314416549,Массажер электрический миостимулятор,5097.0,4.5,1151,Evo sante
313622916,"Миостимулятор для тела, массажер для спины",1346.0,4.6,1752,Furellia
355476774,Массажер миостимулятор для тела пресса спины шеи микротоки,1772.0,4.7,71,eFlow
44096937,Миостимулятор для шеи и поясницы NECK Trainer MIO,4513.0,4.7,1500,Yamaguchi
108786610,Массажер электрический миостимулятор,1409.0,4.5,1151,Evo sante
204716562,Миостимулятор,879.0,4.6,1761,FURVIREA
318374112,Массажер миостимулятор для всего тела электрический,1742.0,4.6,568,KEP Ko
276152044,"Электроды массажер миостимулятор, набор 14 штук",734.0,4.7,71,eFlow
291888914,Спортивный массажер миостимулятор для тела электрический,2699.0,4.7,2165,TARGO
213035053,"Электроды для миостимулятора, липучки",338.0,4.7,761,The Basket
264221158,Миостимулятор для тела с лор насадкой,1668.0,4.6,1752,Furellia
171541891,Миостимулятор массажер для терапии,503.0,4.4,524,Lieblich Hause
409882128,Миостимулятор,892.0,0.0,0,
27541382,Миостимулятор EMS-350 тренажер массажер,2687.0,4.8,3273,Planta
353888946,Аппарат миостимуляции для тела B-333A,9348.0,5.0,22,
20880491,Миостимулятор EMS-200 тренажер для пресса,2174.0,4.8,3273,Planta
312901173,"Миостимулятор для тела, массажер для спины",579.0,4.6,1752,Furellia
236420653,Миостимулятор массажер для тела электрический,1046.0,4.6,2742,"Ура, приехало!"
397642859,Миостимулятор для пресса,961.0,4.9,108,
250845242,Aппарат EMS Миостимуляция,11142.0,4.9,60,YUETWIN
217456725,Массажер для лица электрический RF лифтинг микротоковый,1566.0,4.6,390,MinoFank
250839765,Aппарат Миостимуляция EMS,11110.0,4.9,60,YUETWIN
318375411,Массажер миостимулятор для всего тела электрический,868.0,4.6,568,KEP Ko
48331295,Электрод для миостимулятора Neck Trainer MIO,1903.0,4.7,697,Yamaguchi
251230891,Массажер миостимулятор,2234.0,4.8,162,VOXORIA
366132108,Массажер миостимулятор микротоковый бабочка,666.0,4.9,763,
414687020,Микротоковый массажер для лица и шеи RF лифтинг EMS LED,3261.0,5.0,260,
260607223,Реабилитационный тренажер для рук и ног после инсульта,2319.0,4.8,547,ReBalance
268655279,Миостимулятор,231.0,0.0,0,LenDar
315410371,миостимулятор массажер электрический,460.0,4.4,190,
360630281,Пояс миостимулятор для похудения Biolift4 M13,6549.0,4.7,95,Gezatone
346397371,Миостимулятор массажер импульсный электрический для тела,1465.0,4.9,32,
253495405,Массажер женский миостимулятор для увеличения и роста груди,2197.0,4.6,558,AShop
209568635,Миостимулятор массажер тренажер для тела пресса и рук,582.0,5.0,2,Missis A
183867687,для спины шеи тела ног электрический,500.0,4.5,337,Миостимулятор массажер
160298010,EMS массажер миостимулятор для ног и тела,205.0,4.2,160,тидор
359403403,Миостимулятор EMS-200 тренажер для пресса,2245.0,5.0,4,
394606252,Электрический миостимулятор для тела и мышц,2449.0,4.6,568,KEP Ko
303471880,Тренажер миостимулятор для пресса,624.0,4.0,31,RuMir
365033020,Массажер миостимулятор микротоки для мышц импульсный,899.0,5.0,2,
225747953,Аппарат для миостимуляции тела Формирование фигуры B-333,10922.0,5.0,22,
252040073,Тренажер-миостимулятор для пресса и тазового дна,3123.0,4.4,165,ROASTERS
268558041,"Миостимулятор для пресса и рук, массажер",562.0,4.2,30,AlMaxBar
283219626,Тренажер миостимулятор для пресса,285.0,4.1,11,stock store
231599744,"Миостимулятор массажер для тела,тренажер кегеля EMS",2254.0,4.4,120,Ms.Mila
264135194,Массажер для похудения живота миостимулятор для пресса пояс,698.0,4.1,1751,Plantos
191290143,Миостимулятор массажер для тела рук ног электрический,2150.0,4.4,120,Ms.Mila
232413557,Мини миостимулятор 2 шт,449.0,4.4,112,MARETTA
137802648,Электроды для миостимулятора,929.0,4.8,751,Mиостимулятор
267661377,"Миостимулятор, массажер импульсный для всего тела",1366.0,4.0,5,ANYSMART
313653841,Массажер миостимулятор цифровой,467.0,4.1,147,
341040406,Миостимулятор для физиотерапии массажер электрический,837.0,0.0,0,RuMir
369543748,Миостимулятор для тела с лор насадкой,1767.0,4.8,54,Furellia
315057523,миостимулятор массажер электрический,484.0,4.5,341,
354659688,Портативный электрический массажер миостимулятор,1070.0,4.7,187,Dimarket
238530340,Миостимулятор для тела импульсный массажер ног шеи спины,1977.0,4.5,16,totar
141319553,Массажер для шеи тела импульсный миостимулятор электрический,1037.0,4.7,1801,Ortech
388668815,Миостимулятор массажер для тела электрический,1632.0,5.0,2,
51787540,Миостимулятор массажер электрический,1411.0,4.6,873,Evo sante
217653354,Миостимулятор массажер импульсный электрический для тела,1178.0,4.7,761,The Basket
218774930,Миостимулятор-массажер EM80,9579.0,5.0,6,Beurer
218560399,Массажер Тренажер электрический миостимулятор импульсный,560.0,4.0,2,Missis A
208677727,Миостимулятор массажер для пресса EMS,434.0,4.2,19,GO SHOP
204010629,миостимулятор массажер электрический,458.0,4.5,341,весна з
74807917,Массажер для тела миостимулятор 10 режимов,807.0,4.8,20,Luazon Home
208641480,Миостимулятор для пресса,567.0,0.0,0,Missis A
225777089,"Миостимулятор-массажер ""Бабочка"" для тела",408.0,4.0,9,Superopt
242007530,Ручной массажер с функцией микротоков LQ-07 Promo,2827.0,4.6,9,LANIQUE
341030034,Миостимулятор массажер для физиотерапии электрический,839.0,0.0,0,RuMir
360783981,Миостимулятор массажер импульсный электрический для тела,2891.0,0.0,0,ElectricOnline
51722457,Пульт управления к миостимуляторам Controller,1501.0,4.7,126,Yamaguchi
239513231,Миостимулятор массажер электрический многофункциональный,707.0,0.0,0,SNDHome
227829011,Массажер электрический миостимулятор,1434.0,4.6,17,Shopping House
175937204,Миостимулятор вибромассажер для тела,1490.0,0.0,0,Товары для массажа
248848833,Миостимулятор массажер для пресса и рук,661.0,0.0,0,Ms.House
269273309,"Миостимулятор для пресса, пояс для пресса",977.0,4.6,1752,Furellia
177482005,Миостимулятор EM49 белый,8097.0,4.9,32,Beurer
220795333,Миостимулятор Pelvifine тазового дна,4474.0,4.6,694,ROASTERS
283209701,Микротоковый массажер для глаз и лица электронные патчи EMS,3256.0,4.2,17,MVcarrot
239622627,Миостимулятор для всего тела,421.0,4.3,2233,classic trends
114380703,Электроды для миостимулятора,467.0,4.8,751,Mиостимулятор
391708579,Импульсный миостимулятор для лечения всего тела,723.0,0.0,0,
232357064,Миостимулятор для мышц EMS Smart Fitness,443.0,4.5,139,весна з
317402050,Массажёр миостимулятор для ягодиц,875.0,4.1,9,
394600906,Электрический миостимулятор для тела,4327.0,4.6,568,KEP Ko
204120111,Миостимулятор EM49,8519.0,0.0,0,Beurer
248313961,Миостимулятор для мышц EMS Smart Fitness,414.0,4.6,53,м пяать звезд
289722163,Массажный пояс миостимулятор для пресса XXL-XXXL,555.0,4.3,80,весна з
341020098,Миостимулятор массажер электрический для тела,887.0,1.0,1,RuMir
158142293,Электроды липучки 4 шт для миостимулятора,455.0,4.7,1818,КРАСОТА & ЗДОРОВЬЕ
226314337,"EVA Миостимулятор для лица и тела, против старения кожи",5061.0,4.9,50,TensCare
231332321,Массажер для похудения живота миостимулятор для пресса пояс,880.0,4.1,1751,Plantos
299036854,Электроды для миостимулятора 16 штук,574.0,4.7,187,Dimarket
217790915,Миостимулятор массажер импульсный электрический для лица,625.0,4.7,761,The Basket
217165605,Пояс миостимулятор для пресса и похудения,742.0,4.1,148,MARETTA
418901099,миостимулятор для тела электрический,391.0,0.0,0,AYLIN.SHOP1
313722271,Миостимулятор для тела и и пресса,196.0,4.0,84,
151447829,Электроды для миостимулятора,256.0,4.3,8848,nazare
278820954,Массажер миостимулятор бабочка,560.0,4.7,746,Массажер электрический
258435392,Миостимулятор для ног FOOT Trainer MIO,7946.0,4.7,1500,Yamaguchi
331908449,Массажер миостимулятор для терапии,1172.0,0.0,0,
319973063,"Миостимулятор для пресса, пояс для похудения",561.0,4.1,76,Ashna
114380704,Электроды для миостимулятора,590.0,4.8,751,Mиостимулятор
369001845,Миостимулятор массажер для лица и тела электрический,710.0,5.0,1,RuMir
259328627,Миостимулятор массажер для терапии,585.0,4.5,103,SABERI
192979999,Пояс миостимулятор для похудения XXL,886.0,3.8,31,IDAGOODS
320569490,Миостимулятор пояс для похудения,446.0,4.3,67,Sharif Shop
114380705,Электроды для миостимулятора,727.0,4.8,751,Mиостимулятор
401984438,Миостимулятор массажер электрический Тренажер для тела,436.0,0.0,0,
226794955,Perfect BEAUTY миостимулятор для лица и тела,3663.0,4.9,50,TensCare
120097589,Массажёр для похудения миостимулятор,695.0,4.5,117,Gooods
44696286,Массажер для шеи и плеч миостимулятор электрический,991.0,4.7,2445,Ortech
228980934,Электроды для массажера миостимулятора,519.0,5.0,32,REMASO
14154692,"Пояс-миостимулятор для похудения, тренажер пресса M10",3708.0,4.6,322,Gezatone
414886841,"Миостимулятор для пресса, пояс для пресса",1050.0,4.8,54,Furellia
194597844,Массажер миостимулятор,944.0,5.0,2,Gold peony
247358941,Миостимулятор для тела и пресса,245.0,4.1,15,весна з
174252707,"Миостимулятор для пресса, пояс для похудения",1018.0,4.2,999,FURVIREA
245525396,Миостимулятор для мышц тазового дна,4591.0,4.6,694,ROASTERS
160976990,Массажер миостимулятор цифровой,465.0,4.4,12,RINARO
259347584,Тренажер-миостимулятор для тазового дна и пресса для женщин,3461.0,4.9,242,Excellent Style
328787629,Миостимулятор массажер электрический многофункциональный,1060.0,0.0,0,
204511996,Миостимулятор массажер для всего тела,1674.0,4.8,323,
222888040,"Миостимулятор, массажер для физиотерапии 9 режимов",1107.0,4.8,80,ANYSMART
187564837,Импульсный массажер для ног EMS миостимулятор,517.0,4.3,66,Selard
402366122,Миостимулятор для тонуса мышц тела,1562.0,0.0,0,Xiaomi
340716801,Массажёр миостимулятор электрический,1118.0,0.0,0,
370378016,Массажер миостимулятор для тела электрический,522.0,0.0,0,
11925396,Массажер миостимулятор,732.0,3.9,84,Luazon Home
399962137,Миостимулятор для тонуса мышц,1358.0,0.0,0,
303469319,Миостимулятор для пресса и рук массажер,917.0,4.2,13,RuMir
417364535,Электроды для миостимуляторов и импульсных массажеров,500.0,4.9,1016,
103849034,Массажер миостимулятор для терапии,584.0,4.1,20,Lucky L
196843983,"Миостимулятор для пресса, пояс для похудения",715.0,4.2,999,FURVIREA
272657295,"Миостимулятор, массажер импульсный для всего тела",1167.0,4.7,27,PowerNest
428282585,Миостимулятор для мышечной тренировки,1215.0,0.0,0,
378722454,Массажер миостимулятор микротоки для мышц импульсный,1708.0,5.0,2,
231139981,Миостимулятор массажер для терапии,809.0,4.1,22,
243792269,Миостимулятор для ягодиц от целлюлита EMS,2870.0,4.5,67,Ms.Mila
218772259,Миостимулятор EM49,8935.0,5.0,5,Beurer
238408711,Миостимулятор. Тренажер для пресса и рук,501.0,4.4,36,HasaniGROUP
165741322,Миостимулятор массажер для тела и мышц,296.0,4.4,689,TandemSHOP
229897673,электро-контакты для миостимулятора 20шт,529.0,4.8,323,
372517404,Миостимулятор для пресса и рук,1875.0,0.0,0,
63553819,"Миостимулятор 2.0 DUO, красный",29335.0,4.4,13,PowerDot
284200562,Миостимулятор цифровой Меридиан,490.0,5.0,1,
410958663,Миостимулятор для мышечной коррекции,862.0,0.0,0,
405583161,Миостимулятор для мышечной коррекции,821.0,0.0,0,
360749389,Беспроводной массажер для бедер и ягодиц Biolift4 M12,12471.0,4.7,95,Gezatone
48462484,Электрод для миостимулятора ABS Trainer MIO,1904.0,4.7,697,Yamaguchi
246039566,Массажер для похудения миостимулятор для пресса для тела,597.0,4.0,3,MM_brand
111895544,Комплект электродов подходят для PowerDot 2.0 на магнитах,1430.0,4.9,58,Mиостимулятор
396262152,Пояс для похудения миостимулятор для тела,1283.0,5.0,2,ПолиМи
418927215,миостимулятор для тела электрический,387.0,0.0,0,AYLIN.SHOP1
418909303,миостимулятор для тела электрический,387.0,0.0,0,AYLIN.SHOP1
432577223,Миостимулятор для мышечной тонуса и коррекции,1207.0,0.0,0,
413232868,Массажер миостимулятор для тела,388.0,0.0,0,KUDASH
420665447,Массажер миостимулятор,911.0,0.0,0,
418890694,миостимулятор для тела электрический,455.0,0.0,0,AYLIN.SHOP1
228992928,Сменные пластины на миостимулятор бабочка,410.0,4.7,746,Массажер электрический
265583838,Миостимулятор импульсный массажер шеи ног тела с пультом,541.0,4.5,16,totar
391995393,Миостимулятор,883.0,0.0,0,
346979853,Миостимулятор тренажер для ягодиц,381.0,4.0,1,
280595212,Сменные пластины на миостимулятор массажер для тела,112.0,4.7,76,
336188821,Импульсный миостимулятор для лечения всего тела,814.0,4.6,5,
279668560,Миостимулятор для пресса электростимулятор для похудения,659.0,4.3,130,
249350435,Миостимулятор цифровой Меридиан,1058.0,0.0,0,
257420210,Электроды для массажера миостимулятора 2шт,210.0,4.7,86,TARGO
207684585,Миостимулятор массажер Бабочка на пресс,523.0,4.3,12,Сезон товаров
152741697,Микротоковый массажер для лица миостимулятор Medi Lift Plus,48920.0,4.8,31,Ya-Man
259612238,Массажер для шеи и спины электрический импульсный,1074.0,4.2,217,МириКи
291850471,Миостимулятор для мышц тела,892.0,0.0,0,для тела
195627689,Миостимулятор Mini для тела,275.0,4.6,19,EMS MINI
263689261,Миостимулятор EM49,8143.0,0.0,0,Beurer
417826386,Массажер миостимулятор,1328.0,0.0,0,
417791562,Массажер миостимулятор,893.0,0.0,0,
183518025,Массажный Пояс-Миостимулятор,1124.0,4.4,51,P&S COMPANY
341866780,Эффективный миостимулятор для идеального тела,1234.0,0.0,0,
363179025,Массажер миостимулятор для тела электрический,503.0,3.5,2,массажер для тела
316936466,Массажный пояс миостимулятор для пресса,434.0,4.1,64,
213710877,Миостимулятор массажер для тела Меридиан,573.0,4.4,348,Balkh Star
103826864,Массажер миостимулятор для терапии,585.0,4.3,13,Lucky Zone
346980381,Миостимулятор тренажер для ягодиц,400.0,0.0,0,
312044972,Массажный пояс миостимулятор для пресса XXL -XXXL,605.0,4.5,10,
355755700,Массажер для похудения живота миостимулятор для пресса пояс,2303.0,4.7,114,Plantos
421731874,Электроды для миостимулятора,403.0,0.0,0,
212330837,Миостимулятор для создания вашего тела,436.0,0.0,0,RHinaHome
418494304,миостимулятор для тела электрический,455.0,0.0,0,AYLIN.SHOP1
418922917,миостимулятор для тела электрический,455.0,0.0,0,AYLIN.SHOP1
418923366,миостимулятор для тела электрический,455.0,0.0,0,AYLIN.SHOP1
418923877,миостимулятор для тела электрический,391.0,0.0,0,AYLIN.SHOP1
418924650,миостимулятор для тела электрический,391.0,0.0,0,AYLIN.SHOP1
418909705,миостимулятор для тела электрический,387.0,0.0,0,AYLIN.SHOP1
205918276,Электроды для миостимулятора,391.0,4.8,751,Миостимулятор
418906561,миостимулятор для тела электрический,387.0,0.0,0,AYLIN.SHOP1
418907597,миостимулятор для тела электрический,387.0,0.0,0,AYLIN.SHOP1
296821028,Миостимулятор тазового дна,3925.0,4.9,37,Море Полезностей
404324843,Миостимулятор для тела,388.0,0.0,0,Таалай
413272361,Миостимулятор для мышечной тренировки,1074.0,0.0,0,
196852544,Миостимулятор массажер для пресса,486.0,4.2,19,Сезон товаров
419951928,Массажер миостимулятор,866.0,0.0,0,
419951917,Массажер миостимулятор,1288.0,0.0,0,
50511241,Миостимулятор для суставов электрический EM 28,3487.0,4.8,370,BEURER
364724974,Массажер миостимулятор,513.0,0.0,0,
156386684,Миостимулятор для пресса электрический,1149.0,4.4,141,ТвояПольза
390749235,Миостимулятор для идеальной формы и здоровья,2129.0,0.0,0,
390749106,Миостимулятор для идеального тела и здоровья,1864.0,0.0,0,
418902701,миостимулятор для тела электрический,387.0,0.0,0,AYLIN.SHOP1
405583145,Миостимулятор для пресса и рук,942.0,0.0,0,
362432530,миостимулятор для ягодиц,596.0,0.0,0,
327048053,Электрический массажер миостимулятор для пресса,337.0,5.0,1,Cozyshop для дома
205923302,"Комплект электродов для миостимуляторов 4,6х7,5 см 4 шт",498.0,4.8,751,Миостимулятор
180928028,Миостимулятор Wireless SP 8.0,125613.0,0.0,0,Compex
387482085,Умный миостимулятор для идеального тела,926.0,0.0,0,
338260463,Антицеллюлитный массажер для тела KIO,26419.0,5.0,3,WAU
390795117,Массажер миостимулятор для тела электрический,444.0,0.0,0,24na7
420644574,Массажер миостимулятор,1315.0,0.0,0,
420644634,Массажер миостимулятор,893.0,0.0,0,
413223072,Массажер миостимулятор для тела,388.0,0.0,0,KUDASH
389518156,Миостимулятор тренажер для пресса,449.0,0.0,0,
305756014,Массажёр и миостимулятор с нагревом,1060.0,4.8,5,
346980371,Массажер миостимулятор для мышц,419.0,0.0,0,
391455630,Миостимулятор 36 программ массажер для,1679.0,0.0,0,
351587032,Миостимулятор для пресса пояс для похудения,14248.0,4.8,54,
409873654,Миостимулятор для формы и упругости ягодиц,758.0,0.0,0,
218556925,Миостимулятор для тела,560.0,3.9,17,Missis A
262515548,Массажер миостимулятор для терапии,585.0,5.0,1,The best shop prices
160977440,Массажер миостимулятор цифровой,621.0,4.7,15,GOODSGOGO
341046247,Миостимулятор для лица и всего тела массажер электрический,837.0,0.0,0,RuMir
413225616,Массажер миостимулятор для тела,388.0,0.0,0,KUDASH
396338130,Универсальный миостимулятор для тела,1231.0,0.0,0,
238025311,Миостимулятор массажер электрический,653.0,4.4,64,BarryHome
173251592,Миостимулятор импульсный,1264.0,5.0,1,deMURe1
419951908,Массажер миостимулятор,1077.0,0.0,0,
190597588,Микротоковый массажер миостимулятор,158.0,3.8,34,LabiaB
395407002,Импульсный миостимулятор для лечения всего тела,837.0,5.0,1,
111837401,Электронный массажер Цифровой импульсный миостимулятор,614.0,4.8,44,всё в домик
218561678,Миостимулятор массажер Бабочка на пресс,589.0,4.3,30,Missis A
406976588,Миостимулятор для мышечной тонуса и коррекции,1170.0,0.0,0,
340459341,Массажер бабочка,412.0,4.7,746,Массажер электрический
419072723,Эффективный миостимулятор для тела,1111.0,0.0,0,
405968108,Миостимулятор для мышечной тонуса и коррекции,1004.0,0.0,0,
401263270,Миостимулятор 36 программ массажер для,1679.0,5.0,1,
391206604,Миостимулятор для идеального пресса и рук,867.0,0.0,0,
413230522,Массажер миостимулятор для тела,388.0,0.0,0,KUDASH
381576603,Массажер миостимулятор для тела электрический,468.0,4.0,107,
274309176,Миостимулятор -массажер для похудения,1190.0,5.0,1,
341005648,Миостимулятор массажер для тела электрический,839.0,0.0,0,RuMir
420644584,Миостимулятор,892.0,0.0,0,
395928377,Эффективный миостимулятор для ягодиц,684.0,0.0,0,
417826384,Массажер миостимулятор,1110.0,0.0,0,
182731459,"Набор электродов для миостимулятора, многоразовые накладки",418.0,4.6,568,KEP Ko
260404423,Тренажер - миостимулятор мышц,551.0,4.0,2,HOMEBASIS
427271302,Миостимулятор для мышечной коррекции,1078.0,0.0,0,
427271554,Миостимулятор для тонуса мышц тела,1163.0,0.0,0,
432577355,Миостимулятор для мышц пресса и рук,1207.0,0.0,0,
214302641,Миостимулятор массажер,437.0,4.1,7,RHinaHome
176567817,Миостимулятор вибромассажер для тела,1488.0,0.0,0,Товары для массажа
420665410,Массажер миостимулятор,1355.0,0.0,0,
176576742,Миостимулятор вибромассажер для тела,1538.0,0.0,0,Товары для массажа
239006539,Комплект масок электродов для глаз и губ к миостимуляторам,581.0,4.7,761,The Basket
200781087,Миостимулятор для тренировки и укрепления мышц рук ARM BELT,11194.0,5.0,3,SIXPAD
169247603,Миостимулятор для пресса электрический,1171.0,4.4,141,ТвояПольза
239322410,Шнур для миостимулятора электрического импульсного массажера,383.0,4.7,761,The Basket
227367636,Наколенники электроды для миостимулятора массажера,802.0,4.7,761,The Basket
413233147,Массажер миостимулятор для тела,456.0,0.0,0,KUDASH
413226929,Массажер миостимулятор для тела,456.0,0.0,0,KUDASH
413224933,Массажер миостимулятор для тела,388.0,0.0,0,KUDASH
413229872,Массажер миостимулятор для тела,388.0,0.0,0,KUDASH
200781096,Миостимулятор для тренировки и укрепления мышц ног LEG BELT,12772.0,5.0,1,SIXPAD
390843654,Эффективный миостимулятор для пресса и рук,647.0,0.0,0,
387709476,Премиум миостимулятор для ягодиц и бедер,839.0,0.0,0,
389079589,Электрический миостимулятор для пресса,552.0,4.4,172,GOODSTORAGE
158581275,Миостимулятор для тела,382.0,3.7,3,Goods Good
390749252,Умный миостимулятор для тонуса и силы,2448.0,0.0,0,
390749051,Универсальный миостимулятор для идеального тела,1638.0,0.0,0,
390741119,Эффективный миостимулятор для тела,987.0,0.0,0,
188936997,Мини массажер бабочка Миостимулятор для тела,313.0,4.3,22,Сезон товаров
267674032,"Миостимулятор, массажер импульсный для тела, профи",2183.0,4.3,25,ANYSMART
198735058,Миостимулятор для пресса тренажер для мышц,523.0,4.6,5,Missis A
147855472,Массажер миостимулятор для ягодиц EMS-250,1864.0,4.4,205,Planta
190165312,Миостимулятор пояс для пресса,473.0,4.4,31,OptexpressTV
154413759,Массажер микротоковый электрический миостимулятор,212.0,4.2,1920,
417953692,Миостимулятор для мышц пресса и рук,1359.0,0.0,0,
413565001,Миостимулятор для мышечной коррекции,684.0,0.0,0,
179825304,Микротоковый массажер для тела миостимулятор для пресса,262.0,4.3,176,Expo-Pro
303492392,Миостимулятор тренажер для мышц пресса тела,609.0,4.5,38,RuMir
258613995,Массажер миостимулятор вакуумный антицеллюлитный для тела,3458.0,4.8,383,DolcePeach
211950533,Миостимулятор массажер Бабочка,378.0,3.9,23,BalushaStore
343408616,Миостимулятор для тела,9780.0,0.0,0,
192253819,Миостимулятор,987.0,0.0,0,Lanova
387836155,Миостимулятор,910.0,0.0,0,
251162451,Миостимулятор на пояс,1232.0,3.9,11,Goods Good
420665476,Миостимулятор,910.0,0.0,0,
420659335,Миостимулятор,910.0,0.0,0,
431398543,Миостимулятор для фигуры,1171.0,0.0,0,
48469273,Электрод для миостимулятора HIPS Trainer MIO,2206.0,4.7,697,Yamaguchi
430078222,Компактный миостимулятор для идеального тела,2566.0,0.0,0,
253122237,EMS массажер с разогревающим эффектом,1492.0,4.6,1752,FURVIREA
252849603,Электрод к миостимулятору массажеру для шеи и поясницы,621.0,4.7,761,The Basket
400776587,Эффективный миостимулятор для тела,484.0,0.0,0,
241182990,Миостимулятор пояс для пресса,474.0,5.0,1,OptexpressTV
292675472,Миостимулятор для мышц с подогревом,7405.0,0.0,0,AEV
390843668,Эффективный миостимулятор для идеального тела,869.0,0.0,0,
324901316,Массажер бабочка с пультом,526.0,4.6,323,Массажер электрический
194367611,Пояс для похудения Миостимулятор Массажер электрический,724.0,4.6,383,Sofia Luxury
279628028,Миостимулятор для тазового дна,3502.0,4.6,1752,Furellia
370331241,"Массажер для похудения тела, миостимулятор для пресса",574.0,0.0,0,pro100market
412566008,Миостимулятор для упругих ягодиц,1031.0,0.0,0,
159900838,Массажер электрический миостимулятор,226.0,4.1,643,A&F Group
356135116,Миостимулятор для пресса и рук,1137.0,0.0,0,
163743837,Импульсный миостимулятор для лечения всего тела,1083.0,4.7,285,Ruman
252244705,Миостимулятор на пояс,825.0,0.0,0,Goods Good
209568367,Миостимулятор для тела,582.0,4.0,4,Missis A
420644593,Массажер миостимулятор,1099.0,0.0,0,
291109932,Комфортный миостимулятор для ног,772.0,0.0,0,Массажеры электрические
402649636,Миостимулятор для подтяжки лицa Skinny Chin 680,755.0,0.0,0,GESS
400460947,Миостимулятор EMS Beauty Body для мышц живота,718.0,0.0,0,SKYTEK
420665469,Массажер миостимулятор,1133.0,0.0,0,
420658786,Массажер миостимулятор,911.0,0.0,0,
260299153,"Тренажер миостимулятор, 2xAAА(1.5V), ABS, PU",408.0,4.0,2,SILAPRO
431398547,Миостимулятор Smart Fitness,1269.0,0.0,0,
233617807,Шнур для миостимулятора электрического импульсного массажера,383.0,4.7,761,The Basket
185540115,"Массажер для ног, миостимулятор EMSF-20",3125.0,4.8,3273,Planta
327037933,Электрический массажер миостимулятор для мышц,443.0,5.0,1,Cozyshop для дома
179633280,Миостимулятор Mini для тела,271.0,4.3,213,Selard
219469592,Массажер для шеи электрический миостимулятор,534.0,4.5,32,Market Rocket
391175282,Миостимулятор для глубокого расслабления,687.0,0.0,0,
216256641,Миостимулятор для тела антицеллюлитный массажер VACU NeoBody,3180.0,4.5,80,Gezatone
405928771,Массажер микротоковый миостимулятор для тела,387.0,0.0,0,КосмоДи
231431810,Миостимулятор-тренажер для мышц и ягодиц,434.0,4.0,39,Миостимулятор электрический
219398986,"Электроды для миостимулятора лица, липучки",341.0,4.7,761,The Basket
173250353,Миостимулятор импульсный,1398.0,4.3,4,CoLorful_LiNe
390778793,Миостимулятор мини для тела,286.0,5.0,1,
272647191,"Миостимулятор, массажер импульсный для всего тела профи",2297.0,4.7,27,PowerNest
236939205,Миостимулятор импульсный массажер,239.0,4.5,28,
19237483,Миостимулятор Elise,16199.0,4.3,74,TensCare
390843729,Комплексный миостимулятор для тренировок,1154.0,0.0,0,
181443697,Мини массажер бабочка Миостимулятор для тела,402.0,4.6,7,Missis A
391110200,Эффективный миостимулятор для ягодиц,795.0,0.0,0,
274898084,Миостимулятор для мышц пресса Пояс для похудения,592.0,4.4,8,Hill shop
391113613,Миостимулятор для достижения идеальных форм,867.0,0.0,0,
405968545,Миостимулятор для мышечной коррекции,1053.0,0.0,0,
412565991,Миостимулятор для формирования ягодиц,950.0,0.0,0,
405583114,Миостимулятор для мышечной тонуса,821.0,0.0,0,
311490504,Импульсный миостимулятор Массажер для тела Электростимулятор,623.0,4.4,8,
418952550,Миостимулятор для мышечной тренировки,969.0,0.0,0,
407226963,Миостимулятор для ягодиц с эффектом тонуса,923.0,0.0,0,
336154585,Массажер миостимулятор для терапии,764.0,0.0,0,
241738191,Миостимулятор электрический массажер меридиан,775.0,3.6,7,Deadline
390124901,Электрический миостимулятор для пресса,577.0,0.0,0,
277973424,Массажер миостимулятор для похудения,710.0,0.0,0,Grand House
419908565,Миостимулятор для формы и упругости ягодиц,763.0,0.0,0,
298632886,Миостимулятор микротоковый массажёр,445.0,0.0,0,Narzan
414277985,Миостимулятор для пресса и рук,1693.0,0.0,0,
374326447,Тренажер миостимулятор для пресса,404.0,4.0,4,RuMir
211038504,Массажер Тренажер электрический миостимулятор импульсный,508.0,4.2,9,Сезон товаров
420659133,Массажер миостимулятор,1355.0,0.0,0,
199105280,Портативный миостимулятор мышц,646.0,0.0,0,
228922694,Массажер для спины и шеи микротоковый миостимулятор,294.0,4.3,103,GO SHOP
144737695,Миостимулятор акупунктурный,894.0,4.0,1,Приятные мелочи
312899254,"Миостимулятор для шеи, подушка миостимулятор",3728.0,4.6,1752,Furellia
413379716,Миостимулятор для упругих ягодиц,768.0,0.0,0,
422437292,Миостимулятор для мышц пресса и рук,1075.0,0.0,0,
421737473,Миостимулятор для тела с инновационной системой воздействия,426.0,0.0,0,
239513872,Миостимулятор массажер электрический многофункциональный,688.0,0.0,0,SNDHome
288062550,Массажер для спины и шеи микротоковый миостимулятор,313.0,5.0,2,Missis A
355629826,Миостимулятор для быстрой и эффективной тренировки,1120.0,0.0,0,
402369154,Инновационный миостимулятор для тонуса тела,1455.0,0.0,0,
391175265,Миостимулятор для глубокого массажа тела,653.0,0.0,0,
236420975,Миостимулятор массажер для терапии,852.0,4.8,6,IDAGOODS
411325587,Инновационный миостимулятор для тонуса тела,663.0,0.0,0,
195627585,Импульсный массажер для ног EMS миостимулятор,383.0,4.2,75,EMS Massager
249559438,Массажер миостимулятор,631.0,5.0,1,ECOHOMELY
389516634,Миостимулятор тренажер для пресса,427.0,0.0,0,
409868108,Массажер миостимулятор для тела электрический,927.0,0.0,0,
409867059,Массажер миостимулятор цифровой,906.0,0.0,0,
360932433,Импульсный миостимулятор для лечения всего тела JR-309A,2890.0,0.0,0,ElectricOnline
175537092,Массажер миостимулятор тренажер для спины шеи тела ног,802.0,5.0,3,modern welling
346980366,Миостимулятор для пресса пояс для похудения,1126.0,0.0,0,
430188471,Импульсный миостимулятор для лечения всего тела,2889.0,4.9,32,
65754115,Массажеры электрические 3 в 1,404.0,4.1,69,luxury club
173251597,Миостимулятор - массажер,1264.0,0.0,0,PaSsion1
423244665,"EM49 миостимулятор, 2 канала, 64 программы, белый",8007.0,0.0,0,BEURER
239323436,Шнур для миостимулятора электрического импульсного массажера,383.0,4.7,761,The Basket
188688020,Electronicshop Миостимулятор массажер электрический,6678.0,0.0,0,
364802838,Массажер миостимулятор,939.0,0.0,0,
403678047,Миостимулятор для мышечной тонуса и коррекции,1028.0,0.0,0,
246039563,Миостимулятор для пресса массажер для тела для похудения,602.0,0.0,0,9_89
410958526,Миостимулятор для мышц пресса и рук,814.0,0.0,0,
418955594,Инновационный миостимулятор для тонуса тела,682.0,0.0,0,
332909602,Массажер миостимулятор для мышц,713.0,0.0,0,
327854963,Миостимулятор массажер для пресса EMS,523.0,3.7,3,
282292160,Массажный Пояс-Миостимулятор,553.0,4.2,43,M&Mshop
260946148,Массажер миостимулятор бабочка,334.0,0.0,0,wallerman2.0
147167296,EMS Массажер электрический для ног,818.0,4.7,1820,ARNAHealth
274309175,Миостимулятор -массажер для похудения,1239.0,0.0,0,
414236322,Миостимулятор для тренировки мышц пресса и рук,1693.0,0.0,0,
414029722,Миостимулятор для пресса и рук,1056.0,0.0,0,
389516960,Миостимулятор тренажер для пресса,467.0,0.0,0,
419663126,Миостимулятор тела для тренировок и тонуса,1140.0,0.0,0,
267641158,Миостимулятор,667.0,0.0,0,ChistyyDom
378992130,Массажер миостимулятор микротоковый бабочка,411.0,0.0,0,PodarkinDom
432764169,Миостимулятор для тела Медицинский прибор 24 режима,1118.0,0.0,0,
432639316,Импульсный миостимулятор для лечения всего тела,1105.0,0.0,0,
432645734,Импульсный миостимулятор для лечения всего тела,1105.0,0.0,0,
432645466,Импульсный миостимулятор для лечения всего тела,1105.0,0.0,0,
432643042,Импульсный миостимулятор для лечения всего тела,1105.0,0.0,0,
432645609,Импульсный миостимулятор для лечения всего тела,1105.0,0.0,0,
432643621,Импульсный миостимулятор для лечения всего тела,1105.0,0.0,0,
170346702,Пояс для похудения Миостимулятор Массажер электрический,621.0,4.4,95,OT Shop
420659116,Массажер миостимулятор,1133.0,0.0,0,
174489959,Массажер миостимулятор для похудения,697.0,0.0,0,Grand House
236798629,Миостимулятор массажер для терапии,632.0,4.8,30,Другой мир
278816682,Сменные пластины на миостимулятор бабочка,293.0,4.6,323,Массажер электрический
430232206,Миостимулятор для быстрого восстановления формы,1008.0,0.0,0,
244563420,Пояс для похудения массажер электрический тренировочный,1796.0,4.8,3808,
402369162,Миостимулятор для тела с уникальной системой воздействия,1480.0,0.0,0,
406752796,Миостимулятор для упругих ягодиц,1374.0,4.0,1,
399785777,Миостимулятор для тонуса мышц тела,1014.0,0.0,0,
427284070,Массажер миостимулятор для тела,456.0,0.0,0,KUDASH
399520951,Миостимулятор массажер импульсный электрический для тела,6596.0,0.0,0,ElectricOnline
360825962,Миостимулятор массажер импульсный электрический для тела,5487.0,0.0,0,ElectricOnline
267641140,Миостимулятор,667.0,5.0,1,ONECHOISE
397508189,Миостимулятор бабочка для шеи пресса и ягодиц,884.0,0.0,0,
361927901,Максимум силы миостимулятор для пресса и рук,783.0,0.0,0,
361922950,Эффективный миостимулятор для мышечной коррекции,761.0,0.0,0,
218769317,Миостимулятор EM 70 Wireless,8544.0,5.0,2,Beurer
154631379,Миостимулятор,504.0,4.4,52,Yasmaz
401193822,Миостимулятор для формы и упругости ягодиц,1127.0,0.0,0,
184701945,Электрический массажер микротоковый миостимулятор,419.0,4.3,6,Missis A
387699411,Эффективный миостимулятор для домашнего массажа,477.0,0.0,0,
