,id,name,price,rating,feedbacks,brand
1,221329577,Миостимулятор 36 программ антицеллюлитный для похудения,2052.0,4.9,1021,
2,334678554,Миостимулятор 48 программ массажер для похудения,4196.0,4.9,1021,
4,221352035,Миостимулятор 36 программ массажер для похудения,1847.0,4.9,1021,
5,91028354,Миостимулятор массажер импульсный электрический для тела,2543.0,4.6,561,AShop
6,169351017,"Миостимулятор FZ-1 ""ШУБОШИ"" для мышц",3986.0,4.9,365,SHUBOSHI
7,251013688,"Миостимулятор FZ-2 ""ШУБОШИ"" для мышц",4001.0,4.9,365,SHUBOSHI
9,141376926,Миостимулятор электрический для тела и для похудения,3565.0,4.9,343,REMASO
10,35995950,"Миостимулятор FZ-1 ""ШУБОШИ"" для мышц",3846.0,4.9,545,SHUBOSHI
13,143533250,"Массажер миостимулятор для тела, спины, шеи и поясницы",2867.0,4.7,2166,TARGO
16,198641294,Миостимулятор Массажер электрический Тренажер для пресса,509.0,4.3,1187,Missis A
17,178910159,Импульсный миостимулятор для лечения всего тела JR-309A,1165.0,4.6,1281,AllerShop
20,43996867,Массажер миостимулятор для тела электрический,621.0,4.6,2748,"Ура, приехало!"
21,148830492,Массажер для тела Миостимулятор электрический импульсный,2115.0,4.6,442,Dizezo
26,250135346,Мышечный миостимулятор электрический массажер для тела,1199.0,4.6,698,ROASTERS
27,141936084,Миостимулятор для тела и и пресса,361.0,4.3,8854,nazare
28,291888914,Спортивный массажер миостимулятор для тела электрический,2792.0,4.7,2166,TARGO
29,312901930,"Миостимулятор для пресса и рук, массажер для тела",638.0,4.6,1772,Furellia
30,44081627,Миостимулятор для пресса тренажер ABS Trainer MIO,5012.0,4.7,1504,Yamaguchi
31,236596238,"Электростимулятор для мышц, массажер миостимулятор",818.0,4.6,1772,FURVIREA
32,250133162,"Миостимулятор 36 программ, антицеллюлитный для похудения",1896.0,4.6,698,ROASTERS
35,114150729,Аппарат миостимуляции B-333,11108.0,4.7,302,Estetik Beauty Body
36,346462615,"Массажер миостимулятор Incentivo, 36 режимов",2450.0,4.6,698,ROASTERS
37,328814914,Тренажер-миостимулятор для тазового дна и пресса для женщин,3693.0,4.9,243,Excellent Style
41,260607223,Реабилитационный тренажер для рук и ног после инсульта,2447.0,4.8,556,ReBalance
42,192370914,Массажер для шеи и плеч электрический миостимулятор,2235.0,4.6,292,
43,159323506,Массажер для лица микротоковый бандаж электрический,1990.0,4.6,999,Vilab
47,343099404,Физиотерапевтический аппарат миостимулятор электрический,4453.0,4.6,698,ROASTERS
52,61124788,Миостимулятор EMS-750 тренажер массажер,5709.0,4.8,3276,Planta
57,318374112,Массажер миостимулятор для всего тела электрический,1742.0,4.6,570,KEP Ko
58,236420653,Миостимулятор массажер для тела электрический,915.0,4.6,2748,"Ура, приехало!"
60,314416549,Массажер электрический миостимулятор,5097.0,4.5,1151,Evo sante
62,313622916,"Миостимулятор для тела, массажер для спины",1346.0,4.6,1772,Furellia
64,104503339,Массажер миостимулятор для тела EMS-300,3032.0,4.8,3276,Planta
66,264221158,Миостимулятор для тела с лор насадкой,1668.0,4.6,1772,Furellia
68,160527057,Электрический миостимулятор для тела и мышц,965.0,4.6,570,KEP Ko
69,108786610,Массажер электрический миостимулятор,1409.0,4.5,1151,Evo sante
71,315057523,миостимулятор массажер электрический,449.0,4.5,342,
72,318375411,Массажер миостимулятор для всего тела электрический,868.0,4.6,570,KEP Ko
75,366132108,Массажер миостимулятор микротоковый бабочка,590.0,4.9,766,
76,217790915,Миостимулятор массажер импульсный электрический для лица,603.0,4.7,764,The Basket
77,44096937,Миостимулятор для шеи и поясницы NECK Trainer MIO,4513.0,4.7,1504,Yamaguchi
79,171541891,Миостимулятор массажер для терапии,503.0,4.4,524,Lieblich Hause
80,312901173,"Миостимулятор для тела, массажер для спины",579.0,4.6,1772,Furellia
83,264135194,Массажер для похудения живота миостимулятор для пресса пояс,698.0,4.1,1755,Plantos
84,178777119,Массажер миостимулятор тренажер,472.0,4.5,929,YOUR&STORE
94,20880491,Миостимулятор EMS-200 тренажер для пресса,2174.0,4.8,3276,Planta
97,399491740,Массажер для тела микротоковый,486.0,4.7,753,Массажер электрический
100,183867687,для спины шеи тела ног электрический,500.0,4.5,341,Миостимулятор массажер
101,209568635,Миостимулятор массажер тренажер для тела пресса и рук,582.0,5.0,2,Missis A
102,204716562,Миостимулятор,883.0,4.5,1776,FURVIREA
103,239622627,Миостимулятор для всего тела,406.0,4.3,2245,classic trends
104,253495405,Массажер женский миостимулятор для увеличения и роста груди,2197.0,4.6,561,AShop
108,394606252,Электрический миостимулятор для тела и мышц,2449.0,4.6,570,KEP Ko
136,362178861,Микротоковый массажер для лица и тела,1795.0,4.8,1959,BodyRave
139,27541382,Миостимулятор EMS-350 тренажер массажер,2687.0,4.8,3276,Planta
141,204010629,миостимулятор массажер электрический,449.0,4.5,342,весна з
144,44696286,Массажер для шеи и плеч миостимулятор электрический,991.0,4.7,2445,Ortech
145,51787540,Миостимулятор массажер электрический,1411.0,4.6,872,Evo sante
147,236802936,Виброплатформа тренажер для похудения,5539.0,4.9,854,P&F
148,258435392,Миостимулятор для ног FOOT Trainer MIO,7946.0,4.7,1504,Yamaguchi
156,269273309,"Миостимулятор для пресса, пояс для пресса",981.0,4.6,1772,Furellia
157,220795333,Миостимулятор Pelvifine тазового дна,4474.0,4.6,698,ROASTERS
161,394600906,Электрический миостимулятор для тела,4327.0,4.6,570,KEP Ko
163,141319553,Массажер для шеи тела импульсный миостимулятор электрический,1037.0,4.7,1801,Ortech
166,14154692,"Пояс-миостимулятор для похудения, тренажер пресса M10",3708.0,4.6,322,Gezatone
187,231332321,Массажер для похудения живота миостимулятор для пресса пояс,880.0,4.1,1755,Plantos
188,397300881,Массажер перкуссионный электрический вибромассажер,2271.0,4.9,387,Massager gun
190,245525396,Миостимулятор для мышц тазового дна,4591.0,4.6,698,ROASTERS
192,173241584,Косметический микротоковый вибромассажер для лица,1646.0,4.4,352,Dimarket
197,259347584,Тренажер-миостимулятор для тазового дна и пресса для женщин,3461.0,4.9,243,Excellent Style
200,204511996,Миостимулятор массажер для всего тела,1651.0,4.8,325,
201,369001845,Миостимулятор массажер для лица и тела электрический,710.0,5.0,2,RuMir
202,263006628,массажер перкуссионный электрический,1318.0,4.8,9073,GRAND
207,286626694,"Массажер для шеи, спины и тела",1909.0,4.9,1311,ATLAS M
208,258613995,Массажер миостимулятор вакуумный антицеллюлитный для тела,3009.0,4.8,384,DolcePeach
213,217653354,Миостимулятор массажер импульсный электрический для тела,1148.0,4.7,764,The Basket
218,278820954,Массажер миостимулятор бабочка,560.0,4.7,753,Массажер электрический
241,340459341,Массажер бабочка,412.0,4.7,753,Массажер электрический
248,259612238,Массажер для шеи и спины электрический импульсный,636.0,4.2,217,МириКи
260,165741322,Миостимулятор массажер для тела и мышц,287.0,4.4,689,TandemSHOP
268,52241526,Массажер косметический электрический тренажер для пресса,1392.0,4.0,1040,TechZonech ADENIS
281,196843983,"Миостимулятор для пресса, пояс для похудения",716.0,4.2,1000,FURVIREA
286,241182990,Миостимулятор пояс для пресса,474.0,5.0,1,OptexpressTV
287,161953259,Косметический микротоковый вибромассажер для лица,2080.0,4.6,600,Dimarket
289,284200562,Миостимулятор цифровой Меридиан,490.0,5.0,1,
292,213710877,Миостимулятор массажер для тела Меридиан,550.0,4.4,348,Balkh Star
319,327037933,Электрический массажер миостимулятор для мышц,417.0,5.0,1,Cozyshop для дома
320,50511241,Миостимулятор для суставов электрический EM 28,3487.0,4.8,370,BEURER
327,327048053,Электрический массажер миостимулятор для пресса,321.0,5.0,1,Cozyshop для дома
331,324901316,Массажер бабочка с пультом,526.0,4.6,328,Массажер электрический
332,185540115,"Массажер для ног, миостимулятор EMSF-20",3125.0,4.8,3276,Planta
346,279628028,Миостимулятор для тазового дна,3502.0,4.6,1772,Furellia
347,194367611,Пояс для похудения Миостимулятор Массажер электрический,699.0,4.6,385,Sofia Luxury
376,262515548,Массажер миостимулятор для терапии,585.0,5.0,1,The best shop prices
377,154413759,Массажер микротоковый электрический миостимулятор,212.0,4.2,1922,
387,174252707,"Миостимулятор для пресса, пояс для похудения",1018.0,4.2,1000,FURVIREA
394,19237484,"Миостимулятор для интимных мышц, Тренажер Кегеля",13547.0,4.5,219,TONIS
417,239618683,Электрический массажер для тела,183.0,4.3,2245,classic trends
420,253122237,EMS массажер с разогревающим эффектом,1492.0,4.6,1772,FURVIREA
426,175537092,Массажер миостимулятор тренажер для спины шеи тела ног,802.0,5.0,3,modern welling
433,163743837,Импульсный миостимулятор для лечения всего тела,1083.0,4.7,286,Ruman
437,390778793,Миостимулятор мини для тела,286.0,5.0,1,
470,223351635,Массажер миостимулятор вакуумный антицеллюлитный для тела,2719.0,4.8,471,EVERI
477,267641140,Миостимулятор,667.0,5.0,1,ONECHOISE
480,194438944,Пояс для похудения Миостимулятор Массажер электрический,699.0,4.6,385,Sofia Luxury
481,159900838,Массажер электрический миостимулятор,226.0,4.1,644,A&F Group
488,108673217,Вагинальный тренажер Кегеля миостимулятор мыщц тазового дна,4703.0,4.7,768,SensaTone
504,147167296,EMS Массажер электрический для ног,825.0,4.7,1823,ARNAHealth
520,312899254,"Миостимулятор для шеи, подушка миостимулятор",3728.0,4.6,1772,Furellia
521,198312913,Стимулятор для мышц живота,837.0,4.3,2078,"Ура, приехало!"
522,288062550,Массажер для спины и шеи микротоковый миостимулятор,313.0,5.0,2,Missis A
536,283874508,Электрический массажер для тела 2 шт,296.0,4.2,863,Damka
542,249559438,Массажер миостимулятор,631.0,5.0,1,ECOHOMELY
593,208669037,Электрический массажер микротоковый миостимулятор,432.0,4.0,334,CostPrice
594,290863727,Массажер для тела,481.0,5.0,2,Win shop
595,244563420,Пояс для похудения массажер электрический тренировочный,1796.0,4.8,3813,
607,192970989,Стимулятор для мышц живота,1124.0,4.3,2078,"Ура, приехало!"
608,176541310,Массажер электрический для тела,152.0,4.1,497,электрические массажеры EMS
640,141145037,Массажер для шеи Миостимулятор EMS Neck Massager,9725.0,4.8,239,Yamaguchi
661,108435239,Массажер-миостимулятор для шеи HX-5880,429.0,4.2,391,ORZALA
667,16329046,Импульсный миостимулятор для лечения всего тела,1112.0,4.5,328,RIPOMA
671,372471091,Тренажер бабочка с пультом,456.0,4.6,328,Массажер электрический
672,172075398,Миостимулятор импульсный массажер бабочка,392.0,5.0,1,PRODUSHOP
673,226456901,Массажер миостимулятор для тела,456.0,5.0,3,Haidarov Home
675,206250025,Пояс электрический жиросжигающий массажер для похудения EMS,2997.0,4.7,539,EMS & Heating
679,274734385,Миостимулятор массажер импульсный электрический для тела,599.0,5.0,1,Hill brand
689,195586166,Миостимулятор-массажер для шеи и плеч с USB зарядкой,404.0,5.0,1,
692,234866369,Антицеллюлитный массажер для тела для похудения,2605.0,4.8,384,DolcePeach
713,263899530,Электрический массажер для тела,185.0,4.2,863,Damka
769,173234055,Микротоковый массажер для лица rf лифтинг микротоки,840.0,4.8,4040,"""ng beauty"""
770,145254296,Массажер миостимулятор для терапии,683.0,5.0,5,KAMILLA
777,178660867,Массажер для шеи и плеч электрический,1290.0,4.8,559,7TON
839,341047679,Миостимулятор для лица и всего тела массажер электрический,792.0,5.0,3,RuMir
856,335214615,Электромассажер миостимулятор акупунктурный,529.0,5.0,1,
860,205796949,Массажер для ног электрический коврик,409.0,4.3,8854,nazare
914,198348956,Массажер миостимулятор для терапии,516.0,4.3,503,HomeMarket24/7
940,195324674,Массажёр для лица бандаж микротоковый электрический,1872.0,4.6,291,NOVA-G
1021,170078190,Массажер электрический EMS миостимуляция,179.0,4.1,2957,OT Shop
1030,224272499,Виброплатформа для похудения тренажер,5465.0,4.9,1634,PeakForm
1032,154707733,Импульсный массажер для шеи и воротниковой зоны TENS,861.0,4.7,1671,KIHOME
1034,209520605,Массажер для шеи и плеч электрический,1328.0,4.8,559,7TON
1058,120391480,Электрический EMS массажер для ног и рук,574.0,4.6,2425,GoodLife
1082,398379808,Массажер антицеллюлитный микротоковый для тела и головы EMS,1970.0,4.8,11665,TSOY
1084,178660879,Массажер для шеи и плеч электрический,1295.0,4.8,559,7TON
1116,296274286,Массажер для спины и шеи,141.0,4.0,405,Golden store
1129,139626366,Массажер для шеи и плеч импульсный миостимулятор,765.0,4.6,448,Xiaomi
1133,340544412,Массажер для тела жиросжигающий,1943.0,4.7,272,Curlbee
1139,270063928,массажер для тела спины и похудения,2192.0,4.8,559,7TON
1157,201647766,Импульсный массажер для шеи и воротниковой зоны TENS,1320.0,4.7,1200,KIHOME
1177,169443138,Массажер для ног электрический коврик,424.0,4.1,2957,OT Shop
1222,260867590,Пояс электрический жиросжигающий массажер для похудения,3587.0,4.7,289,IYNI
1225,227887076,Микротоковый массажер для лица и тела,2092.0,4.9,2765,F A C E S
1239,387043128,Массажер для ног и всего тела,303.0,4.4,530,classic trends
1282,296836467,Микротоковый массажер для лица и тела,1720.0,4.8,1959,BodyRave
1287,59169214,Rf лифтинг массажер для лица с микротоками m1607,5492.0,4.7,2342,Gezatone
1288,143753238,Массажер для шеи электрический,2227.0,4.7,2143,IGUARA
1333,252571255,Микротоковый массажер для лица от морщин и отеков рф лифтинг,4911.0,4.8,599,LUXLIFTING
1337,195627696,Массажер электрический Mini Massager для тела миостимулятор,250.0,4.4,705,mini ems
1338,223922330,Массажер для шеи воротниковой зоны электрический импульсный,1110.0,4.7,681,Liparty
1348,173241288,Микротоковый массажер для лица RF лифтинг микротоки,991.0,4.8,6727,"""ng beauty"""
1353,217456725,Массажер для лица электрический RF лифтинг микротоковый,1566.0,4.6,390,MinoFank
1354,203501890,Массажер для лица электрический RF лифтинг микротоковый,1367.0,4.7,4300,OKLISH beauty
1355,282777101,Массажер жиросжигающий для похудения,2449.0,4.7,272,Curlbee
1364,135576690,Вагинальный тренажер Миостимулятор для интимных мышц,14109.0,4.6,267,Sensa TONE
1404,331332601,"Реабилитационный тренажер, миостимулятор для рук и ног",1811.0,4.8,556,ReBalance
1406,174650201,Антицеллюлитный массажер для тела,2676.0,4.7,932,EMVIMASS
1435,214337249,Массажер для спины и шеи микротоковый миостимулятор,213.0,4.4,230,GO SHOP
1444,247781618,Микротоковый массажер для лица RF лифтинг,1198.0,4.7,3815,Louvo
1452,173241055,Микротоковый массажер для лица электрический RF лифтинг,1047.0,4.8,6727,"""ng beauty"""
1501,229539758,Миостимулятор массажер тренажер для тела пресса и рук,522.0,4.3,334,Тренажер для пресса
1512,174691648,Микротоковый массажер для лица от отеков и морщин,2252.0,4.7,2646,LUXLIFTING
1587,176135675,Микротоковый массажер для лица электрический лифтинг,3272.0,4.9,1330,"""ng beauty"""
1614,413452261,Стимулятор для мышц живота,3113.0,4.3,2078,"Ура, приехало!"
1651,71879726,Массажер для спины и шеи тела импульсный миостимулятор,3063.0,4.5,301,PrettyMassage
1689,229398109,Микротоковый массажер для лица и шеи,1296.0,4.7,677,FacialSPA
1712,81549518,Импульсный массажер для шеи и воротниковой зоны,860.0,4.7,3231,Baikus
1807,240667779,Виброплатформа для похудения 206324729,5676.0,4.9,240,Golax
1885,170075078,Электрический массажер для лица и шеи микротоковый,350.0,4.8,3671,Boev Store
1891,177877982,Электрический вибромассажер для ног и стоп,6789.0,4.8,1234,Keona
1924,154962159,EMS массажер миостимулятор для ног и тела,322.0,3.7,225,тидор
1939,87665607,Массажер для шеи и плеч миостимулятор импульсный,3803.0,4.6,377,Xiaomi
1943,94481874,А4 биологически активные точки для массажа хиджамы гирудо,433.0,4.7,1818,КРАСОТА & ЗДОРОВЬЕ
1944,180402727,Косметический микротоковый вибромассажер для лица,2154.0,4.4,352,Dimarket
1956,235840654,Микротоковый массажер для лица,2955.0,4.8,1200,BEAUTY fresh
1975,87685422,Микротоковый роликовый массажер для лица Biolift m101,4795.0,4.9,592,Gezatone
1981,242323118,Микротоковый массажер для лица RF лифтинг Фонофорез,2431.0,4.8,1959,BodyRave
2040,177854660,Мини массажер бабочка электрические,250.0,4.2,281,WOOD STINKY
2042,175548998,Массажер для тела бабочка,265.0,4.1,320,lineSel
2055,212300288,Массажер для лица электрический RF лифтинг микротоковый,1566.0,4.7,4300,OKLISH beauty
2069,227023748,Виброплатформа для похудения 150 кг тренажер кардио степпер,5849.0,4.8,1134,ЦЕНТР РАСПРОДАЖ
2080,188936420,Массажер электрический для тела,339.0,4.1,365,Сезон товаров
2105,48076520,Микротоковый массажер для лица Splando rf лифтинг,10853.0,4.7,221,OLZORI
2125,217984877,Электрический косметический массажер,1641.0,4.8,1495,JOJO.
2156,168306102,Массажер электрический для тела,189.0,4.2,225,масажиор мири для шеяь
2162,155538674,Микротоковый массажер для лица rf лифтинг от морщин отеков,2675.0,4.8,4399,LUXLIFTING
2175,271250239,Массажер EMS электрический для тела бабочка,183.0,4.3,665,MK Home
2190,18777442,Микротоковый массажер для лица rf ems лифтинг,8902.0,4.7,634,MOMAN
2206,181547475,EMS массажер для ног Массажер для ног электрический коврик,258.0,4.2,582,
2209,159488078,"Электрический массажер для шеи, миостимулятор для тела",259.0,4.3,659,GOODSTORAGE
2229,90737644,Для пресса рук ног Массажер похудеть миостимулятор тренажер,669.0,4.1,302,Magazin Happy
2280,153482366,Миостимулятор массажер Бабочка на пресс,414.0,3.5,497,TexnoBalu
2339,68712051,Миостимулятор для тела и пресса,405.0,3.9,1480,HARBR FITNESS
2400,211071648,Электрический микротоковый массажер для похудения тела,395.0,4.4,371,Myak_shop
2401,276616461,Массажер для лица электрический RF лифтинг микротоковый,2878.0,4.7,4300,OKLISH beauty
2489,220698426,Массажер для лица EMS микротоковый для лифтинга и омоложения,4609.0,4.7,362,YOUTOPIA
2498,366415225,Микротоковый массажер для лица RF лифтинг,1354.0,4.8,1959,BodyRave
2501,207492675,Микротоковый массажер микротоки аппарат для лица,3205.0,4.8,2104,IGUARA
2521,143500860,предотвращение возникновения и развития заболеваний стоп,1191.0,4.3,503,HomeMarket24/7
2535,131866637,Микротоковый массажер для шеи плеч головы спины,422.0,4.2,391,ORZALA
2537,248833861,Электрический массажер для ног и стоп,7412.0,4.9,1567,Keona
2592,212341753,Пояс для похудения Массажер электрический,642.0,4.4,348,Balkh Star
2608,256787604,Виброплатформа для похудения тренажер до 150 кг,4786.0,4.7,1317,IZISTRONG
2620,204075090,Массажер для ног и тела электрический микротоковый коврик,335.0,4.2,281,WOOD STINKY
2647,370579939,"Миостимулятор для пресса, пояс для похудения",739.0,4.8,640,World of Gadgets
2694,154898610,Массажер для шеи и спины электрический импульсный,1877.0,4.6,794,KidSSMART
2716,186309593,Массажер для шеи и спины электрический импульсный,1712.0,4.6,1187,KireiTech
2721,256528965,Микротоковый аппарат для лица,2602.0,4.8,1200,BEAUTY fresh
2722,251341860,Вакуумный антицеллюлитный массажер для тела ног и ягодиц,1181.0,4.7,4585,HomelySpa
2740,167314362,Массажер для ног и тела электрический микротоковый коврик,211.0,3.6,8996,Eligio
2742,346876183,Массажер для лица микротоковый,2105.0,4.7,4300,OKLISH beauty
2746,198153403,EMS Массажер электрический для ног,370.0,4.0,7650,GO SHOP
2765,155143944,Массажер для шеи и спины электрический импульсный,903.0,4.6,794,KidSSMART
2799,222657645,Массажер для лица EMS лифтинг,2951.0,4.8,287,Honey destiny
2810,251341862,Вакуумный антицеллюлитный массажер для тела ног и ягодиц,1180.0,4.7,4585,HomelySpa
2811,186823795,Массажер для головы и тела электрический мурашка,1625.0,4.6,1154,URUSPO
2818,177616027,Массажный матрас электрический массажер для спины и тела,6300.0,4.7,1207,STARRKO
2830,325196430,Микротоковый массажер микротоки аппарат для лица,3198.0,4.8,2104,IGUARA
2842,206955272,Микротоковый массажер для шеи плеч головы спины КН-960,792.0,4.2,391,ORZALA
2886,219461941,Массажер для головы электрический мурашка,1842.0,4.6,794,KidSSMART
2915,251341861,Вакуумный антицеллюлитный массажер для тела ног и ягодиц,1175.0,4.7,4585,HomelySpa
2937,263597292,"Электрический косметический массажер для шеи, спины и тела",1405.0,4.7,6078,Rellax&massage
2938,358212202,Электрический массажер для ног и стоп,7194.0,4.7,2337,KORPHOUS
2943,196739566,Электрический массажер для ног и стоп,8928.0,4.9,1567,Keona
2970,239995237,Тренажер для пресса живота,4023.0,4.7,503,Supretto
2976,312601189,Массажер для лица и шеи глаз от отеков морщин микротоковый,1263.0,4.7,5036,Chernika
2986,177613721,Массажный матрас электрический массажер для спины и тела,7419.0,4.7,1207,STARRKO
2987,161953258,Косметический микротоковый вибромассажер для лица,2133.0,4.6,600,Dimarket
2990,250134925,Электрический массажер для ног и стоп,9366.0,4.9,1567,Keona
3041,173244161,Электрический EMS микротоковый вибромассажер для лица и шеи,1827.0,4.4,352,Dimarket
3042,263597293,"Электрический косметический массажер для шеи, спины и тела",1398.0,4.7,6078,Rellax&massage
3113,404377554,Микротоковый массажер для лица и тела,1797.0,4.8,1959,BodyRave
3117,333501473,Массажер перкуссионный электрический вибромассажер,1548.0,4.9,387,Massager gun
3159,173241582,Косметический микротоковый вибромассажер для лица,1646.0,4.4,352,Dimarket
3177,212188612,Импульсный массажер для шеи и спины,1878.0,4.5,494,ALITMILA
3188,188139306,Микротоковый массажер для лица и тела,1990.0,4.8,2519,TosWa
3196,270163270,Электрический вибромассажер для ног и стоп,9487.0,4.9,602,Keona
3210,229184600,Микротоковый массажер для лица бандаж,916.0,4.7,405,Dent X
3215,255756352,Микротоковый массажер микротоки аппарат для лица,3189.0,4.8,2104,IGUARA
3223,260831249,Массажер для лица микротоковый RF лифтинг,1034.0,4.6,243,MED BEAUTY
3224,208374018,Роллер-массажер для лица и шеи L-Mirru,11317.0,4.8,277,OLZORI
3257,215876768,Массажер электрический для ног коврик,421.0,4.2,308,pro100market
3278,4861381,Микротоковый лифтинг массажер для лица m100,2471.0,4.6,1136,Gezatone
3297,203491674,Микротоковый массажер для лица RF лифтинг,1323.0,4.8,603,OKLISH
3308,299214296,массажер перкуссионный электрический,1410.0,4.8,9073,GRAND
3320,258814932,Массажер перкуссионный для спины и тела электрический,2475.0,4.6,223,MASSAG
3370,166102139,Массажер для тела ног массажа шеи перкуссионный пистолет,812.0,4.7,6922,массажный пистолет ПРЕМИУМ
3392,173244160,Электрический EMS микротоковый вибромассажер для лица и шеи,1829.0,4.4,352,Dimarket
3396,370282193,"Массажер для шеи, спины и тела",1897.0,4.7,250,FlexiFit
3424,164229128,Микротоковый массажер для лица подарок на 8 марта,1480.0,4.8,1516,4U_room
3428,237275893,Массажер для шеи воротниковой зоны электрический импульсный,798.0,4.7,681,Liparty
3432,354626462,Электрический вибромассажер для кожи вокруг глаз,1015.0,4.6,600,Dimarket
3436,226792329,Массажер для лица электрический микротоковый от морщин,615.0,4.2,407,000-Art
3444,359523903,"Массажер для шеи, спины и тела",1604.0,4.7,1812,Re:Fit
3451,177755412,Массажный матрас электрический массажер для спины и тела,5828.0,4.7,1207,STARRKO
3475,159396020,Массажер для шеи спины и тела электрический импульсный,903.0,4.7,439,Homa Doma
3504,200527796,Микротоковый массажер для лица и шеи от морщин и отеков,1118.0,4.7,561,antiStore_Beauty
3511,90029941,Массажер для лица электрический,1837.0,4.7,525,Anlars
3569,226792328,Массажер для лица электрический микротоковый от морщин,615.0,4.2,407,000-Art
3601,293174131,Микротоковый массажер для лица и шеи RF-лифтинг Фонофорез,3102.0,4.9,626,RFLY
3622,279333423,Виброплатформа для похудения тренажер,6980.0,4.7,1812,Re:Fit
3629,370578988,Массажер для лица и шеи глаз от отеков морщин микротоковый,1164.0,4.8,520,Chernika
3630,173244164,Электрический EMS микротоковый вибромассажер для лица и шеи,1828.0,4.4,352,Dimarket
3660,236178371,"Электрический косметический массажер для шеи, спины и тела",1532.0,4.7,5170,Массажная подушка
3679,431364629,Массажер для ног электрический коврик,435.0,4.4,594,
3712,383760972,Миостимулятор антицеллюлитный с пультом для похудения,4542.0,4.8,239,Valencia Sport
3735,229767050,Массажер для лица электрический микротоковый от морщин,789.0,4.2,407,000-Art
3738,345036723,Вакуумный антицеллюлитный массажер для тела ног и ягодиц,1216.0,4.7,4585,HomelySpa
3746,198129723,Массажер для шеи плеч электрический импульсный,1705.0,4.6,1187,KireiTech
3761,208468175,Массажер для лица электрический микротоковый от морщин,791.0,4.2,407,000-Art
3794,244960431,Микротоковый массажер для тела и головы с EMS,2041.0,4.8,3846,OGAY
3891,18777443,Микротоковый массажер для лица RF EMS лифтинг,8902.0,4.7,634,MOMAN
3896,265981268,Микротоковый массажер для лица RF лифтинг,1298.0,4.7,503,Infinity store
3908,109059870,"Массажер для шеи электрический, микротоковый",1730.0,4.5,389,OMYXON
3914,261224690,Массажер для ног электрический,364.0,4.5,231,EMS FOOT MASSAGER
3984,403235880,"Массажер для шеи, спины и тела",1505.0,4.7,250,FlexiFit
3996,242400366,Массажер для лица и шеи микротоковый и аппарат rf лифтинг,941.0,4.3,342,Alisashops
4045,370580375,Массажер для лица и шеи глаз от отеков морщин микротоковый,1245.0,4.8,520,Chernika
4054,370280506,"Массажер для шеи, спины и тела",1530.0,4.7,250,FlexiFit
4056,266565943,Дермапен H5 White,16013.0,4.9,471,Dr.Pen
4106,94481875,А3 биологически активные точки для массажа хиджамы гирудо,528.0,4.7,1818,КРАСОТА & ЗДОРОВЬЕ
4125,417604657,Виброплатформа для похудения тренажер,9219.0,4.9,854,PeakForm
4128,33915463,Микротоковый массажер для лица rf ems лифтинг,8902.0,4.7,634,MOMAN
4148,195992623,Электромиостимулятор Тренажер Маркелова,36023.0,4.7,548,SELFDOCS
4149,416407275,Массажер перкуссионный электрический вибромассажер,1143.0,4.4,594,
4160,266566716,Дермапен H5 Gold,16014.0,4.9,471,Dr.Pen
4181,165415885,Тренажер массажер EMS,390.0,4.3,3933,ARNAHealth
4190,232088903,Массажный матрас для всего тела,7959.0,4.6,276,PRO Starrko
4194,362191797,Микротоковый массажер для лица и тела,1797.0,4.8,1959,BodyRave
4206,153160292,Массажер для ног электрический коврик,349.0,4.0,442,Nihao Дом
4215,219809298,Массажер для лица,3096.0,4.7,279,Mezonica
4260,312601146,Массажер для лица и шеи глаз от отеков морщин микротоковый,1311.0,4.7,5036,Chernika
4304,17796422,Роликовый массажер для лица микротоковый L-Mirru,11275.0,4.7,293,OLZORI
4312,229767313,Массажер для лица электрический микротоковый от морщин,789.0,4.2,407,000-Art
4333,343085766,Микротоковый массажер RF лифтинг для лица,936.0,4.7,545,Launa
4384,160512409,электрический роликовый,1242.0,4.4,416,Массажер для спины и шеи
4394,224084105,Массажер подушка для шеи,1863.0,4.6,228,AlPHA технологии
4439,143706614,Микротоковый массажер для лица лифтинг электрический EMS,2943.0,4.8,939,Beauty Home A&N
4443,255482119,Массажер для ног и стоп электрический роликовый с подогревом,8699.0,4.9,1567,Keona
4500,418686538,Массажный матрас электрический массажер для спины и тела,4932.0,4.7,1207,STARRKO
4505,371756284,Массажер для шеи спины и тела,1210.0,4.7,1452,
4506,140699703,Косметический микротоковый вибромассажер для лица,1670.0,4.6,600,Dimarket
4516,159659909,Микротоковый массажер для лица косметический RF лифтинг,1831.0,4.6,755,swisscare
4524,181271983,"Электрический косметический массажер для шеи, спины и тела",1533.0,4.5,1509,Electro Shop
4546,226159793,электрический массажер для спины и шеи,1610.0,4.5,434,ТЕХНО ЛАЙН
4555,165450701,Тренажер массажер EMS для ног,866.0,4.3,3933,ARNAHealth
4558,222658505,Профессиональный микротоковый аппарат рф лифтинг для лица,4281.0,4.8,413,Kirei Tech
4639,338492344,"Массажер для шеи, спины и тела",1604.0,4.7,1812,Re:Fit
4651,245908579,Массажер для лица косметический RF лифтинг микротоковый,1175.0,4.8,250,
4669,260152044,Массажер для шеи и спины,1420.0,4.7,5170,
4703,230916733,Массажер для тела ног массажа шеи перкуссионный пистолет,499.0,4.4,2532,Eligio
4713,169414840,Массажер для ног и тела электрический микротоковый коврик,210.0,4.1,2957,OT Shop
4747,210693520,Дермапен Q2,11909.0,4.8,568,Dr.Pen
4767,366415188,Микротоковый массажер для лица RF лифтинг Фонофорез,2428.0,4.8,1959,BodyRave
4773,260154250,Массажер для шеи и спины,1463.0,4.7,5170,
4780,230916736,Массажер для тела ног массажа шеи перкуссионный пистолет,495.0,4.4,2532,Eligio
4783,281702211,Электрический (вибромассажер) массажер для ног и стоп,7376.0,4.9,602,Keona
4805,160513836,Массажер для спины шеи и плеч электрический роликовый,1045.0,4.4,296,Массажер для спины и шеи
4820,80864816,Микротоковый роликовый массажер для лица микротоки аппарат,540.0,4.5,1344,POLLY DОLLY
4906,331334521,Реабилитационный тренажер для рук и ног после инсульта,3219.0,4.8,556,ReBalance
4917,142542013,Косметический микротоковый вибромассажер для лица,1525.0,4.6,600,Dimarket
4928,15847178,"Массажная подушка, массажер для спины шеи и плеч",1043.0,4.7,14172,Массажер Medi Brawl
4932,145412566,Электрический EMS микротоковый вибромассажер для лица и шеи,1942.0,4.6,600,Dimarket
4959,258381724,Микротоковый массажер для лица микротоки аппарат,1263.0,4.6,383,UNIBRAND
5003,236182252,Массажер для шеи и спины,1423.0,4.7,5170,Массажная подушка
5004,151556802,Электронный фитнес-пояс Пояс массажер для похудения,680.0,4.2,227,GOODSTORAGE
5023,370261818,Микротоковый массажер для лица и шеи RF-лифтинг Фонофорез,7908.0,4.9,363,RFLY
5087,222657647,Массажер для лица EMS лифтинг,3420.0,4.8,287,Honey destiny
5090,265000912,Массажер для лица и шеи микротоковый и аппарат rf лифтинг,830.0,4.7,600,Alisashops
5118,176754879,Физиотерапевтический аппарат для лечения БиоТЭНС медицинский,17327.0,4.9,345,iHelp
5126,49468221,RF лифтинг аппарат для лица m1610,15480.0,4.7,2342,Gezatone
5133,316853212,Электрический массажер для ног и стоп,9010.0,4.9,602,Keona
5142,102415520,Массажер MIO для коррекции фигуры,4449.0,4.5,260,GESS
5235,30582312,Ролик для массажа Древмасс с шипами,2627.0,4.9,738,DREVMASS
5269,209436534,Лифтинг массажер для лица и шеи,522.0,4.8,241,KairosGroup
5325,29979779,Спортивный пояс для похудения с эффектом тонизации мышц,1456.0,4.1,1262,TechZonech ADENIS
5369,199730528,Микротоковый массажный набор для лица от отеков и морщин,3405.0,4.8,535,LUXLIFTING
5428,251190726,Массажер для спины шеи и плеч,1110.0,4.3,964,
5474,245400956,Перкуссионный массажер пистолет профессиональный,2744.0,4.8,792,GoldenTouch
5570,163458244,Массажер для лица микротоковый электрический от морщин EMS,3219.0,4.8,225,Dr Beauty You
5578,149488507,Электрический EMS микротоковый вибромассажер для лица и шеи,1946.0,4.6,600,Dimarket
5613,206239818,Массажер для лица шеи микротоковый электрический от отеков,461.0,4.6,708,ORZALA
5616,244394808,Массажер для шеи и спины электрический,1658.0,4.6,311,CUREWAY
5757,354637348,Косметический микротоковый вибромассажер для лица,1359.0,4.6,600,Dimarket
5764,239568299,Подставка для микротокового аппарата массажера для лица M99,352.0,4.8,413,Kirei Tech
5798,405657557,Микротоковый роликовый массажер роллер для лица,2459.0,4.7,217,
5810,14568528,Массажёр для шеи ног спины плеч и тела,1500.0,4.7,12804,Массажер Showerli
5873,229767312,Массажер для лица электрический микротоковый от морщин,789.0,4.2,407,000-Art
